{
    "name": "Cosmodactyl 6x7",
    "vendorId": "0x444D",
    "productId": "0x3636",
    "matrix": {
        "rows": 14,
        "cols": 7
    },
    "menus": [
        "qmk_rgb_matrix"
    ],
    "layouts": {
        "keymap": [
            [
                {
                    "y": 0.19999999999999996,
                    "x": 2.43,
                    "c": "#777777"
                },
                "0,2\n\n\n\n\n\n\n\n\nF2",
                {
                    "x": 14.379999999999999
                },
                "7,2\n\n\n\n\n\n\n\n\nF11"
            ],
            [
                {
                    "y": 0.07000000000000006,
                    "x": 2.44,
                    "c": "#cccccc"
                },
                "1,2\n\n\n\n\n\n\n\n\n1",
                {
                    "x": 14.35
                },
                "8,2\n\n\n\n\n\n\n\n\n0"
            ],
            [
                {
                    "y": 0.14000000000000012,
                    "x": 2.45
                },
                "2,2\n\n\n\n\n\n\n\n\nq",
                {
                    "x": 14.330000000000002
                },
                "9,2\n\n\n\n\n\n\n\n\np"
            ],
            [
                {
                    "y": -0.9900000000000002,
                    "x": 3.7
                },
                "2,3\n\n\n\n\n\n\n\n\nw",
                {
                    "x": 11.84
                },
                "9,3\n\n\n\n\n\n\n\n\no"
            ],
            [
                {
                    "y": 0.16000000000000014,
                    "x": 1.23,
                    "c": "#aaaaaa"
                },
                "3,1\n\n\n\n\n\n\n\n\nTAB",
                {
                    "x": 0.22999999999999998,
                    "c": "#cccccc"
                },
                "3,2\n\n\n\n\n\n\n\n\na",
                {
                    "x": 0.2400000000000002
                },
                "3,3\n\n\n\n\n\n\n\n\ns",
                {
                    "x": 11.84
                },
                "10,3\n\n\n\n\n\n\n\n\nl",
                {
                    "x": 0.240000000000002
                },
                "10,2\n\n\n\n\n\n\n\n\n;",
                {
                    "x": 0.23000000000000043
                },
                "10,1\n\n\n\n\n\n\n\n\n\"\n'"
            ],
            [
                {
                    "y": -0.9900000000000002,
                    "c": "#777777"
                },
                "3,0\n\n\n\n\n\n\n\n\nPGUP",
                {
                    "x": 19.23
                },
                "10,0"
            ],
            [
                {
                    "y": -0.5899999999999999,
                    "x": 9,
                    "c": "#cccccc"
                },
                "6,6\n\n\n\n\n\n\n\n\nj0",
                {
                    "x": 1.25
                },
                "13,6\n\n\n\n\n\n\n\n\nj1"
            ],
            [
                {
                    "y": -0.41000000000000014,
                    "x": 4.93
                },
                "4,4\n\n\n\n\n\n\n\n\nc",
                {
                    "x": 9.38
                },
                "11,4\n\n\n\n\n\n\n\n\n<\n,"
            ],
            [
                {
                    "y": -0.8499999999999996,
                    "x": 3.7
                },
                "4,3\n\n\n\n\n\n\n\n\nx",
                {
                    "x": 11.84
                },
                "11,3\n\n\n\n\n\n\n\n\n>\n."
            ],
            [
                {
                    "y": -0.9800000000000004,
                    "x": 2.45
                },
                "4,2\n\n\n\n\n\n\n\n\nz",
                {
                    "x": 14.330000000000002
                },
                "11,2\n\n\n\n\n\n\n\n\n/"
            ],
            [
                {
                    "y": -0.9900000000000002,
                    "c": "#777777"
                },
                "4,0\n\n\n\n\n\n\n\n\nPGDN",
                {
                    "x": 0.22999999999999998,
                    "c": "#aaaaaa"
                },
                "4,1\n\n\n\n\n\n\n\n\nLCTRL",
                {
                    "x": 3.89,
                    "c": "#cccccc"
                },
                "4,5\n\n\n\n\n\n\n\n\nv",
                {
                    "x": 6.9999999999999964
                },
                "11,5\n\n\n\n\n\n\n\n\nm",
                {
                    "x": 3.8900000000000006
                },
                "11,1\n\n\n\n\n\n\n\n\n|\n\\",
                {
                    "x": 0.21999999999999886,
                    "c": "#aaaaaa"
                },
                "11,0\n\n\n\n\n\n\n\n\nRCTRL"
            ],
            [
                {
                    "y": -0.9699999999999998,
                    "x": 7.43,
                    "c": "#cccccc"
                },
                "4,6\n\n\n\n\n\n\n\n\nb",
                {
                    "x": 4.380000000000001
                },
                "11,6\n\n\n\n\n\n\n\n\nn"
            ],
            [
                {
                    "y": -0.04999999999999982,
                    "x": 4.92,
                    "c": "#777777"
                },
                "6,2\n\n\n\n\n\n\n\n\ndel",
                {
                    "x": 9.4,
                    "c": "#cccccc"
                },
                "13,2\n\n\n\n\n\n\n\n\n{\n["
            ],
            [
                {
                    "y": -0.8499999999999996,
                    "x": 3.69,
                    "c": "#777777"
                },
                "5,2\n\n\n\n\n\n\n\n\nins",
                {
                    "x": 11.860000000000001,
                    "c": "#cccccc"
                },
                "12,2\n\n\n\n\n\n\n\n\n.}\n]"
            ],
            [
                {
                    "r": 1,
                    "rx": 4.17,
                    "ry": 0.65,
                    "y": -0.5,
                    "x": -0.5,
                    "c": "#777777"
                },
                "0,3\n\n\n\n\n\n\n\n\nF3"
            ],
            [
                {
                    "rx": 4.19,
                    "ry": 1.77,
                    "y": -0.5,
                    "x": -0.5,
                    "c": "#cccccc"
                },
                "1,3\n\n\n\n\n\n\n\n\n2"
            ],
            [
                {
                    "rx": 5.4,
                    "ry": 0.5,
                    "y": -0.5,
                    "x": -0.5,
                    "c": "#777777"
                },
                "0,4\n\n\n\n\n\n\n\n\nF4"
            ],
            [
                {
                    "rx": 5.42,
                    "ry": 1.62,
                    "y": -0.5,
                    "x": -0.5,
                    "c": "#cccccc"
                },
                "1,4\n\n\n\n\n\n\n\n\n3"
            ],
            [
                {
                    "rx": 5.43,
                    "ry": 2.77,
                    "y": -0.5,
                    "x": -0.5
                },
                "2,4\n\n\n\n\n\n\n\n\ne"
            ],
            [
                {
                    "ry": 3.93,
                    "y": -0.5,
                    "x": -0.5
                },
                "3,4\n\n\n\n\n\n\n\n\nd"
            ],
            [
                {
                    "rx": 6.62,
                    "ry": 2.94,
                    "y": -0.5,
                    "x": -0.5
                },
                "2,4\n\n\n\n\n\n\n\n\nr"
            ],
            [
                {
                    "ry": 4.1,
                    "y": -0.5,
                    "x": -0.5
                },
                "3,5\n\n\n\n\n\n\n\n\nf"
            ],
            [
                {
                    "rx": 7.93,
                    "ry": 4.13,
                    "y": -0.5,